<?xml version="1.0" encoding="UTF-8"?>
<project-private xmlns="http://www.netbeans.org/ns/project-private/1">
    <editor-bookmarks xmlns="http://www.netbeans.org/ns/editor-bookmarks/2" lastBookmarkId="0"/>
    <open-files xmlns="http://www.netbeans.org/ns/projectui-open-files/2">
        <group>
            <file>file:/C:/Users/sansa/OneDrive/Documents/NetBeansProjects/Amazon/src/amazon/Transaction.java</file>
            <file>file:/C:/Users/sansa/OneDrive/Documents/NetBeansProjects/Amazon/src/amazon/Forms/LoadFile.java</file>
            <file>file:/C:/Users/sansa/OneDrive/Documents/NetBeansProjects/Amazon/src/amazon/Forms/Main.java</file>
            <file>file:/C:/Users/sansa/OneDrive/Documents/NetBeansProjects/Amazon/src/amazon/ListWarehouse.java</file>
            <file>file:/C:/Users/sansa/OneDrive/Documents/NetBeansProjects/Amazon/src/amazon/ListProduct.java</file>
            <file>file:/C:/Users/sansa/OneDrive/Documents/NetBeansProjects/Amazon/src/amazon/Stock.java</file>
            <file>file:/C:/Users/sansa/OneDrive/Documents/NetBeansProjects/Amazon/src/amazon/SalesOrder.java</file>
            <file>file:/C:/Users/sansa/OneDrive/Documents/NetBeansProjects/Amazon/src/amazon/Warehouse.java</file>
            <file>file:/C:/Users/sansa/OneDrive/Documents/NetBeansProjects/Amazon/src/amazon/Product.java</file>
            <file>file:/C:/Users/sansa/OneDrive/Documents/NetBeansProjects/Amazon/src/amazon/NodoProduct.java</file>
            <file>file:/C:/Users/sansa/OneDrive/Documents/NetBeansProjects/Amazon/src/amazon/Route.java</file>
            <file>file:/C:/Users/sansa/OneDrive/Documents/NetBeansProjects/Amazon/src/amazon/Forms/Login.java</file>
            <file>file:/C:/Users/sansa/OneDrive/Documents/NetBeansProjects/Amazon/src/amazon/Grafo.java</file>
        </group>
    </open-files>
</project-private>
